,mean,var,factor
value,53705.73816155988,33782.851880230834,1000000000.0
